cpu_times-user,cpu_times-system,cpu_times-children_user,cpu_times-children_system,cpu_times-iowait,memory_full_info-rss,memory_full_info-vms,memory_full_info-shared,memory_full_info-text,memory_full_info-lib,memory_full_info-data,memory_full_info-dirty,memory_full_info-uss,memory_full_info-pss,memory_full_info-swap,memory_percent,cpu_percent
0.0,0.0,0.0,0.0,0.0,786432,10223616,786432,2818048,0,843776,0,217088,236544,0,0.004794843146196266,0.0
0.09,0.0,0.0,0.0,0.0,24117248,34938880,6160384,2818048,0,19832832,0,17948672,18646016,0,0.14704185648335216,89.4
0.19,0.0,0.0,0.0,0.0,41287680,52318208,6160384,2818048,0,37212160,0,35115008,35812352,0,0.251729265175304,99.2
0.29,0.0,0.0,0.0,0.0,58458112,69967872,6160384,2818048,0,54861824,0,52318208,53015552,0,0.3564166738672558,99.1
0.39,0.01,0.0,0.0,0.0,76021760,87490560,6160384,2818048,0,72384512,0,69775360,70472704,0,0.46350150413230573,108.7
0.48,0.01,0.0,0.0,0.0,93585408,105762816,6160384,2818048,0,90656768,0,87306240,88003584,0,0.5705863343973556,88.8
0.58,0.01,0.0,0.0,0.0,110886912,123944960,6160384,2818048,0,108838912,0,104710144,105407488,0,0.6768720241380396,98.5
0.68,0.02,0.0,0.0,0.0,128188416,140288000,6160384,2818048,0,125181952,0,121987072,122684416,0,0.7823585733543574,108.2
0.77,0.02,0.0,0.0,0.0,145096704,156966912,6160384,2818048,0,141860864,0,138756096,139453440,0,0.884648560473211,88.4
0.87,0.03,0.0,0.0,0.0,162267136,174026752,6160384,2818048,0,158920704,0,156004352,156701696,0,0.9893359691651629,107.9
0.97,0.03,0.0,0.0,0.0,179437568,192565248,6160384,2818048,0,177459200,0,123584512,124265472,0,1.0940233778571147,98.5
1.07,0.03,0.0,0.0,0.0,198836224,211587072,6160384,2818048,0,196481024,0,192454656,193152000,0,1.2122961754632893,98.2
1.17,0.03,0.0,0.0,0.0,219152384,233246720,6160384,2818048,0,218140672,0,212713472,213410816,0,1.336162956740026,98.0
1.28,0.03,0.0,0.0,0.0,239468544,255516672,6160384,2818048,0,240410624,0,233152512,233849856,0,1.460029738016763,107.7
1.37,0.03,0.0,0.0,0.0,259784704,278474752,6160384,2818048,0,263368704,0,233644032,234317824,0,1.5838965192934997,88.2
1.47,0.04,0.0,0.0,0.0,280231936,294203392,6160384,2818048,0,279097344,0,273821696,274519040,0,1.7085624410946028,107.5
1.57,0.04,0.0,0.0,0.0,300810240,317931520,6160384,2818048,0,302825472,0,294412288,295109632,0,1.834027503420072,97.6
1.66,0.05,0.0,0.0,0.0,321388544,334708736,6160384,2818048,0,319602688,0,314970112,315667456,0,1.9594925657455404,97.5
1.76,0.05,0.0,0.0,0.0,342360064,359309312,6160384,2818048,0,344203264,0,335855616,336552960,0,2.0873550496441076,97.4
1.86,0.06,0.0,0.0,0.0,363462656,384884736,6160384,2818048,0,369778688,0,357003264,357700608,0,2.216016674067041,107.0
1.96,0.06,0.0,0.0,0.0,384434176,401661952,6160384,2818048,0,386555904,0,377974784,378672128,0,2.343879157965608,97.2
2.06,0.06,0.0,0.0,0.0,405274624,418439168,6160384,2818048,0,403333120,0,398794752,399492096,0,2.470942501339809,97.2
2.16,0.07,0.0,0.0,0.0,426377216,445116416,6160384,2818048,0,430010368,0,419913728,420611072,0,2.5996041257627422,106.5
2.26,0.07,0.0,0.0,0.0,447348736,462942208,6160384,2818048,0,447836160,0,410103808,410798080,0,2.727466609661309,97.1
2.36,0.07,0.0,0.0,0.0,468058112,490856448,6160384,2818048,0,475750400,0,293515264,294189056,0,2.8537308125111442,97.7
2.45,0.08,0.0,0.0,0.0,489291776,507633664,6160384,2818048,0,492527616,0,482820096,483517440,0,2.9831915774584434,96.9
2.55,0.09,0.0,0.0,0.0,510525440,524410880,6160384,2818048,0,509304832,0,504004608,504701952,0,3.1126523424057426,106.4
2.65,0.09,0.0,0.0,0.0,531234816,554766336,6160384,2818048,0,539660288,0,504823808,505497600,0,3.2389165452555777,96.7
2.74,0.11,0.0,0.0,0.0,551813120,571543552,6160384,2818048,0,556437504,0,466124800,466805760,0,3.364381607581047,106.6
2.84,0.11,0.0,0.0,0.0,572522496,588320768,6160384,2818048,0,573214720,0,486748160,487429120,0,3.4906458104308813,96.9
2.94,0.11,0.0,0.0,0.0,593100800,619192320,6160384,2818048,0,604086272,0,586588160,587285504,0,3.6161108727563507,96.2
3.03,0.12,0.0,0.0,0.0,613679104,634920960,6160384,2818048,0,619814912,0,607387648,608084992,0,3.741575935081819,96.3
3.13,0.13,0.0,0.0,0.0,634388480,652746752,6160384,2818048,0,637640704,0,597057536,597738496,0,3.8678401379316543,106.1
3.23,0.13,0.0,0.0,0.0,654966784,685383680,6160384,2818048,0,670277632,0,569405440,570086400,0,3.993305200257123,96.7
3.33,0.13,0.0,0.0,0.0,675676160,702160896,6160384,2818048,0,687054848,0,543240192,543913984,0,4.119569403106958,96.8
3.43,0.14,0.0,0.0,0.0,696254464,718938112,6160384,2818048,0,703832064,0,563867648,564541440,0,4.245034465432427,106.1
3.53,0.14,0.0,0.0,0.0,716963840,735715328,6160384,2818048,0,720609280,0,509759488,510440448,0,4.371298668282263,96.6
3.63,0.14,0.0,0.0,0.0,737542144,770330624,6160384,2818048,0,755224576,0,530423808,531104768,0,4.496763730607731,96.4
3.72,0.15,0.0,0.0,0.0,758120448,787107840,6160384,2818048,0,772001792,0,551018496,551699456,0,4.6222287929332,96.4
3.81,0.16,0.0,0.0,0.0,778829824,803885056,6160384,2818048,0,788779008,0,571559936,572240896,0,4.748492995783035,96.3
3.91,0.17,0.0,0.0,0.0,799408128,820662272,6160384,2818048,0,805556224,0,592179200,592860160,0,4.873958058108505,106.2
4.01,0.17,0.0,0.0,0.0,819986432,857509888,6160384,2818048,0,842403840,0,782426112,783107072,0,4.999423120433973,95.7
4.12,0.17,0.0,0.0,0.0,840957952,874287104,6160384,2818048,0,859181056,0,784420864,785094656,0,5.12728560433254,105.4
4.22,0.17,0.0,0.0,0.0,861929472,891064320,6160384,2818048,0,875958272,0,775806976,776487936,0,5.255148088231108,95.3
4.32,0.18,0.0,0.0,0.0,882900992,907841536,6160384,2818048,0,892735488,0,844877824,845558784,0,5.383010572129675,104.8
4.42,0.18,0.0,0.0,0.0,903741440,924618752,6160384,2818048,0,909512704,0,865837056,866518016,0,5.510873056028242,95.2
4.52,0.18,0.0,0.0,0.0,924581888,963973120,6160384,2818048,0,948867072,0,886976512,887657472,0,5.637137258878076,95.4
4.63,0.18,0.0,0.0,0.0,945291264,980750336,6160384,2818048,0,965644288,0,738041856,738722816,0,5.763401461727911,105.2
4.72,0.19,0.0,0.0,0.0,965869568,997527552,6160384,2818048,0,982421504,0,758558720,759239680,0,5.88886652405338,95.9
4.82,0.19,0.0,0.0,0.0,986447872,1014304768,6160384,2818048,0,999198720,0,779218944,779899904,0,6.01433158637885,95.9
4.92,0.2,0.0,0.0,0.0,1007157248,1031081984,6160384,2818048,0,1015975936,0,921276416,921957376,0,6.140595789228684,104.9
5.01,0.21,0.0,0.0,0.0,1027735552,1047859200,6160384,2818048,0,1032753152,0,820576256,821270528,0,6.266060851554153,95.3
5.12,0.21,0.0,0.0,0.0,1048313856,1090035712,6160384,2818048,0,1074929664,0,1030201344,1030882304,0,6.3923250544039885,103.8
5.22,0.22,0.0,0.0,0.0,1069023232,1105764352,6160384,2818048,0,1090658304,0,1062137856,1062835200,0,6.517790116729458,103.6
5.32,0.22,0.0,0.0,0.0,1089601536,1123590144,6160384,2818048,0,1108484096,0,882323456,883004416,0,6.6432551790549255,95.1
5.42,0.23,0.0,0.0,0.0,1110310912,1140367360,6160384,2818048,0,1125261312,0,1053831168,1054504960,0,6.769519381904761,104.3
5.5,0.24,0.0,0.0,0.0,1130889216,1157144576,6160384,2818048,0,1142038528,0,804364288,805038080,0,6.89498444423023,85.7
5.61,0.24,0.0,0.0,0.0,1151729664,1173921792,6160384,2818048,0,1158815744,0,1133772800,1134453760,0,7.022047787604431,103.3
5.71,0.25,0.0,0.0,0.0,1172701184,1219272704,6160384,2818048,0,1204166656,0,1146032128,1146714112,0,7.149910271502999,103.2
5.82,0.25,0.0,0.0,0.0,1193672704,1236049920,6160384,2818048,0,1220943872,0,1107664896,1108345856,0,7.277772755401565,103.6
5.91,0.26,0.0,0.0,0.0,1214644224,1252827136,6160384,2818048,0,1237721088,0,1176707072,1177388032,0,7.405635239300133,93.7
6.01,0.27,0.0,0.0,0.0,1235484672,1269604352,6160384,2818048,0,1254498304,0,1102753792,1103427584,0,7.532698582674334,103.6
6.1,0.28,0.0,0.0,0.0,1256456192,1286381568,6160384,2818048,0,1271275520,0,1218576384,1219257344,0,7.6605610665729005,93.1
6.2,0.29,0.0,0.0,0.0,1273495552,1300013056,6160384,2818048,0,1284907008,0,765829120,766502912,0,7.764449334740487,104.6
6.3,0.3,0.0,0.0,0.0,1293156352,1315741696,6160384,2818048,0,1300635648,0,769744896,770418688,0,7.884320413395393,104.8
6.4,0.3,0.0,0.0,0.0,1314127872,1364668416,6160384,2818048,0,1349562368,0,1181274112,1181947904,0,8.012182897293961,93.9
6.5,0.3,0.0,0.0,0.0,1334837248,1381445632,6160384,2818048,0,1366339584,0,1007878144,1008551936,0,8.138447100143795,94.7
6.6,0.3,0.0,0.0,0.0,1355415552,1398222848,6160384,2818048,0,1383116800,0,813740032,814413824,0,8.263912162469264,95.1
6.7,0.31,0.0,0.0,0.0,1375993856,1415000064,6160384,2818048,0,1399894016,0,856956928,857651200,0,8.389377224794734,104.3
6.79,0.32,0.0,0.0,0.0,1396703232,1431777280,6160384,2818048,0,1416671232,0,1069834240,1070508032,0,8.515641427644569,94.6
6.89,0.32,0.0,0.0,0.0,1417281536,1448554496,6160384,2818048,0,1433448448,0,898068480,898749440,0,8.641106489970037,94.7
6.99,0.33,0.0,0.0,0.0,1437859840,1465331712,6160384,2818048,0,1450225664,0,1111031808,1111705600,0,8.766571552295506,103.9
7.09,0.33,0.0,0.0,0.0,1458569216,1482108928,6160384,2818048,0,1467002880,0,1131667456,1132341248,0,8.892835755145342,94.5
7.19,0.33,0.0,0.0,0.0,1479409664,1535049728,6160384,2818048,0,1519943680,0,1271902208,1272583168,0,9.019899098519542,93.8
7.29,0.33,0.0,0.0,0.0,1500381184,1551826944,6160384,2818048,0,1536720896,0,1173790720,1174464512,0,9.14776158241811,93.7
7.4,0.34,0.0,0.0,0.0,1521352704,1568604160,6160384,2818048,0,1553498112,0,1435574272,1436255232,0,9.275624066316675,112.0
7.49,0.35,0.0,0.0,0.0,1542324224,1585381376,6160384,2818048,0,1570275328,0,1334812672,1335493632,0,9.403486550215243,93.1
7.59,0.35,0.0,0.0,0.0,1563295744,1602158592,6160384,2818048,0,1587052544,0,1236529152,1237202944,0,9.531349034113811,94.0
7.7,0.35,0.0,0.0,0.0,1584267264,1618935808,6160384,2818048,0,1603829760,0,1257570304,1258253312,0,9.659211518012379,102.7
7.81,0.35,0.0,0.0,0.0,1605238784,1635713024,6160384,2818048,0,1620606976,0,1397600256,1398281216,0,9.787074001910945,102.2
7.91,0.35,0.0,0.0,0.0,1626079232,1652490240,6160384,2818048,0,1637384192,0,1299492864,1300166656,0,9.91493648580951,93.2
8.0,0.36,0.0,0.0,0.0,1646002176,1708904448,6160384,2818048,0,1693798400,0,1041461248,1042158592,0,10.035606704988785,93.9
8.1,0.37,0.0,0.0,0.0,1666711552,1725681664,6160384,2818048,0,1710575616,0,1147707392,1148388352,0,10.16187090783862,103.0
8.2,0.38,0.0,0.0,0.0,1687683072,1742458880,6160384,2818048,0,1727352832,0,1360961536,1361635328,0,10.289733391737187,102.5
8.29,0.39,0.0,0.0,0.0,1708654592,1759236096,6160384,2818048,0,1744130048,0,1382006784,1382680576,0,10.417595875635753,93.1
8.39,0.4,0.0,0.0,0.0,1729626112,1776013312,6160384,2818048,0,1760907264,0,1210699776,1211394048,0,10.54545835953432,102.7
8.5,0.4,0.0,0.0,0.0,1750597632,1792790528,6160384,2818048,0,1777684480,0,1423847424,1424521216,0,10.673320843432887,102.6
8.6,0.4,0.0,0.0,0.0,1771569152,1809567744,6160384,2818048,0,1794461696,0,1252429824,1253110784,0,10.801183327331456,93.8
8.7,0.4,0.0,0.0,0.0,1792540672,1826344960,6160384,2818048,0,1811238912,0,1273380864,1274061824,0,10.929045811230022,93.8
8.8,0.41,0.0,0.0,0.0,1813381120,1843122176,6160384,2818048,0,1828016128,0,1294479360,1295160320,0,11.056109154604222,102.4
8.9,0.41,0.0,0.0,0.0,1834221568,1859899392,6160384,2818048,0,1844793344,0,1315430400,1316124672,0,11.183172497978425,93.0
9.0,0.42,0.0,0.0,0.0,1854799872,1922449408,6160384,2818048,0,1907343360,0,1335746560,1336427520,0,11.308637560303893,102.0
9.11,0.42,0.0,0.0,0.0,1875509248,1939226624,6160384,2818048,0,1924120576,0,1204035584,1204732928,0,11.434901763153729,102.5
9.21,0.42,0.0,0.0,0.0,1896087552,1956003840,6160384,2818048,0,1940897792,0,1201987584,1202681856,0,11.560366825479198,93.2
9.3,0.42,0.0,0.0,0.0,1916665856,1972781056,6160384,2818048,0,1957675008,0,1205981184,1206662144,0,11.685831887804667,83.9
9.39,0.43,0.0,0.0,0.0,1937637376,1989558272,6160384,2818048,0,1974452224,0,1289379840,1290077184,0,11.813694371703233,92.6
9.48,0.44,0.0,0.0,0.0,1959264256,2007384064,6160384,2818048,0,1992278016,0,1440153600,1440834560,0,11.94555255822363,92.3
9.58,0.45,0.0,0.0,0.0,1979842560,2024161280,6160384,2818048,0,2009055232,0,1218576384,1219257344,0,12.0710176205491,102.0
9.68,0.45,0.0,0.0,0.0,2000420864,2040938496,6160384,2818048,0,2025832448,0,1222688768,1223369728,0,12.196482682874569,93.5
9.78,0.46,0.0,0.0,0.0,2020999168,2057715712,6160384,2818048,0,2042609664,0,1501884416,1502565376,0,12.321947745200038,101.6
9.88,0.46,0.0,0.0,0.0,2041708544,2074492928,6160384,2818048,0,2059386880,0,1522532352,1523213312,0,12.448211948049872,92.7
9.99,0.46,0.0,0.0,0.0,2062286848,2091270144,6160384,2818048,0,2076164096,0,1235025920,1235706880,0,12.573677010375341,102.9
10.08,0.47,0.0,0.0,0.0,2082996224,2159538176,6160384,2818048,0,2144432128,0,1239257088,1239951360,0,12.699941213225177,93.6
10.18,0.47,0.0,0.0,0.0,2103574528,2176315392,6160384,2818048,0,2161209344,0,1243885568,1244566528,0,12.825406275550646,93.8
10.27,0.49,0.0,0.0,0.0,2124546048,2193092608,6160384,2818048,0,2177986560,0,1293307904,1293981696,0,12.953268759449212,102.8
10.37,0.49,0.0,0.0,0.0,2145517568,2209869824,6160384,2818048,0,2194763776,0,1626152960,1626833920,0,13.08113124334778,91.5
10.47,0.5,0.0,0.0,0.0,2166489088,2226647040,6160384,2818048,0,2211540992,0,1646907392,1647588352,0,13.208993727246346,101.7
10.58,0.5,0.0,0.0,0.0,2187329536,2243424256,6160384,2818048,0,2228318208,0,1356132352,1356806144,0,13.336856211144912,102.5
10.68,0.5,0.0,0.0,0.0,2208301056,2260201472,6160384,2818048,0,2245095424,0,1376989184,1377662976,0,13.463919554519116,92.5
10.78,0.5,0.0,0.0,0.0,2229272576,2276978688,6160384,2818048,0,2261872640,0,1397915648,1398589440,0,13.591782038417682,92.4
10.88,0.51,0.0,0.0,0.0,2250244096,2293755904,6160384,2818048,0,2278649856,0,1419026432,1419700224,0,13.71964452231625,102.4
10.98,0.51,0.0,0.0,0.0,2271215616,2310533120,6160384,2818048,0,2295427072,0,1411334144,1412015104,0,13.847507006214816,92.7
11.09,0.51,0.0,0.0,0.0,2292187136,2327310336,6160384,2818048,0,2312204288,0,1432285184,1432966144,0,13.975369490113382,101.4
11.18,0.52,0.0,0.0,0.0,2313158656,2344087552,6160384,2818048,0,2328981504,0,1481912320,1482586112,0,14.103231974011951,92.9
11.28,0.53,0.0,0.0,0.0,2333999104,2359816192,6160384,2818048,0,2344710144,0,1474154496,1474835456,0,14.230295317386151,102.2
11.37,0.54,0.0,0.0,0.0,2354708480,2435571712,6160384,2818048,0,2420465664,0,1523879936,1524553728,0,14.356559520235987,92.5
11.46,0.56,0.0,0.0,0.0,2375286784,2452348928,6160384,2818048,0,2437242880,0,1359171584,1359845376,0,14.482024582561456,102.2
11.55,0.57,0.0,0.0,0.0,2395996160,2469126144,6160384,2818048,0,2454020096,0,1379803136,1380476928,0,14.608288785411291,93.0
11.65,0.57,0.0,0.0,0.0,2416574464,2485903360,6160384,2818048,0,2470797312,0,1400430592,1401104384,0,14.733753847736757,92.3
11.75,0.58,0.0,0.0,0.0,2437414912,2502680576,6160384,2818048,0,2487574528,0,1470824448,1471521792,0,14.860817191110959,100.8
11.84,0.59,0.0,0.0,0.0,2458255360,2519457792,6160384,2818048,0,2504351744,0,1567838208,1568535552,0,14.987880534485162,91.2
11.94,0.59,0.0,0.0,0.0,2479751168,2537283584,6160384,2818048,0,2522177536,0,1648988160,1649661952,0,15.118939580481191,92.3
12.05,0.59,0.0,0.0,0.0,2500329472,2554060800,6160384,2818048,0,2538954752,0,1011335168,1012016128,0,15.245203783331027,105.4
12.15,0.59,0.0,0.0,0.0,2521169920,2570838016,6160384,2818048,0,2555731968,0,1524690944,1525388288,0,15.371467986180862,92.5
12.25,0.59,0.0,0.0,0.0,2542927872,2588663808,6160384,2818048,0,2573557760,0,1712173056,1712846848,0,15.504125313225625,91.1
12.36,0.59,0.0,0.0,0.0,2563637248,2605441024,6160384,2818048,0,2590334976,0,1547403264,1548077056,0,15.63038951607546,101.1
12.45,0.59,0.0,0.0,0.0,2584346624,2622218240,6160384,2818048,0,2607112192,0,1587863552,1588560896,0,15.756653718925296,82.1
12.55,0.6,0.0,0.0,0.0,2605056000,2638995456,6160384,2818048,0,2623889408,0,1638424576,1639121920,0,15.88291792177513,100.9
12.65,0.6,0.0,0.0,0.0,2625765376,2720944128,6160384,2818048,0,2705838080,0,1735438336,1736135680,0,16.00998126514933,90.5
12.75,0.61,0.0,0.0,0.0,2647392256,2738769920,6160384,2818048,0,2723663872,0,1537257472,1537938432,0,16.141040311145364,100.7
12.85,0.61,0.0,0.0,0.0,2668625920,2755747840,6160384,2818048,0,2740641792,0,1778180096,1778877440,0,16.27050107609266,89.8
12.95,0.61,0.0,0.0,0.0,2690121728,2773573632,6160384,2818048,0,2758467584,0,1673764864,1674445824,0,16.401560122088693,89.6
13.06,0.61,0.0,0.0,0.0,2710962176,2790350848,6160384,2818048,0,2775244800,0,1744343040,1745040384,0,16.528623465462893,99.8
13.16,0.61,0.0,0.0,0.0,2732720128,2808176640,6160384,2818048,0,2793070592,0,1554415616,1555096576,0,16.661280792507657,89.2
13.27,0.61,0.0,0.0,0.0,2753298432,2824953856,6160384,2818048,0,2809847808,0,1741471744,1742169088,0,16.786745854833125,100.4
13.35,0.63,0.0,0.0,0.0,2774401024,2841731072,6160384,2818048,0,2826625024,0,1883897856,1884595200,0,16.915407479256057,89.1
13.45,0.63,0.0,0.0,0.0,2795896832,2859556864,6160384,2818048,0,2844450816,0,1567019008,1567699968,0,17.04646652525209,89.4
13.56,0.64,0.0,0.0,0.0,2816868352,2876334080,6160384,2818048,0,2861228032,0,1926443008,1927140352,0,17.174329009150657,106.9
13.66,0.65,0.0,0.0,0.0,2838364160,2894159872,6160384,2818048,0,2879053824,0,1822011392,1822685184,0,17.30538805514669,97.9
13.76,0.65,0.0,0.0,0.0,2858942464,2910937088,6160384,2818048,0,2895831040,0,1011556352,1012237312,0,17.430853117472157,95.7
13.86,0.65,0.0,0.0,0.0,2880045056,2927714304,6160384,2818048,0,2912608256,0,1989615616,1990312960,0,17.55951474189509,89.2
13.95,0.66,0.0,0.0,0.0,2901540864,2945540096,6160384,2818048,0,2930434048,0,1885184000,1885857792,0,17.690573787891122,89.0
14.05,0.67,0.0,0.0,0.0,2922774528,2962317312,6160384,2818048,0,2947211264,0,1941385216,1942082560,0,17.820034552838422,98.1
14.15,0.67,0.0,0.0,0.0,2943877120,2979094528,6160384,2818048,0,2963988480,0,2021945344,2022642688,0,17.948696177261354,89.0
14.25,0.68,0.0,0.0,0.0,2965635072,3070238720,6160384,2818048,0,3055132672,0,2134740992,2135414784,0,18.08135350430612,95.9
14.35,0.69,0.0,0.0,0.0,2986737664,3087015936,6160384,2818048,0,3071909888,0,1908764672,1909462016,0,18.21001512872905,98.9
14.45,0.69,0.0,0.0,0.0,3007971328,3103793152,6160384,2818048,0,3088687104,0,2034741248,2035438592,0,18.33947589367635,88.2
14.55,0.69,0.0,0.0,0.0,3029860352,3121618944,6160384,2818048,0,3106512896,0,1714286592,1714980864,0,18.47293236124548,88.3
14.65,0.7,0.0,0.0,0.0,3051225088,3138396160,6160384,2818048,0,3123290112,0,2043355136,2044052480,0,18.603192266717144,97.0
14.76,0.71,0.0,0.0,0.0,3073114112,3156221952,6160384,2818048,0,3141115904,0,1757487104,1758168064,0,18.736648734286277,106.0
14.86,0.72,0.0,0.0,0.0,3094216704,3172999168,6160384,2818048,0,3157893120,0,1945657344,1946354688,0,18.86531035870921,98.5
14.96,0.72,0.0,0.0,0.0,3115450368,3189776384,6160384,2818048,0,3174670336,0,2056155136,2056852480,0,18.994771123656506,88.4
15.06,0.73,0.0,0.0,0.0,3137208320,3207602176,6160384,2818048,0,3192496128,0,1821802496,1822496768,0,19.12742845070127,96.7
15.16,0.74,0.0,0.0,0.0,3158310912,3224379392,6160384,2818048,0,3209273344,0,1942978560,1943675904,0,19.256090075124206,98.1
15.26,0.74,0.0,0.0,0.0,3179544576,3241156608,6160384,2818048,0,3226050560,0,2068955136,2069652480,0,19.385550840071502,88.1
15.35,0.75,0.0,0.0,0.0,3200516096,3257933824,6160384,2818048,0,3242827776,0,2073133056,2073830400,0,19.51341332397007,88.6
15.46,0.75,0.0,0.0,0.0,3221487616,3274711040,6160384,2818048,0,3259604992,0,2077310976,2078008320,0,19.641275807868638,96.9
15.56,0.75,0.0,0.0,0.0,3243376640,3292536832,6160384,2818048,0,3277430784,0,1927835648,1928516608,0,19.774732275437767,87.9
15.67,0.76,0.0,0.0,0.0,3264610304,3309314048,6160384,2818048,0,3294208000,0,2009546752,2010244096,0,19.904193040385067,106.6
15.76,0.77,0.0,0.0,0.0,3286106112,3326091264,6160384,2818048,0,3310985216,0,2284158976,2284856320,0,20.035252086381096,87.0
15.87,0.77,0.0,0.0,0.0,3307470848,3343917056,6160384,2818048,0,3328811008,0,1968189440,1968863232,0,20.165511991852764,97.4
15.96,0.78,0.0,0.0,0.0,3328704512,3443175424,6160384,2818048,0,3428069376,0,2022338560,2023035904,0,20.29497275680006,88.7
16.07,0.78,0.0,0.0,0.0,3346923520,3457855488,6160384,2818048,0,3442749440,0,1996062720,1996760064,0,20.406053289686945,96.2
16.17,0.78,0.0,0.0,0.0,3366846464,3473584128,6160384,2818048,0,3458478080,0,2110873600,2111570944,0,20.52752264939058,86.9
16.28,0.79,0.0,0.0,0.0,3387424768,3490361344,6160384,2818048,0,3475255296,0,2132045824,2132743168,0,20.65298771171605,105.8
16.38,0.79,0.0,0.0,0.0,3408920576,3508187136,6160384,2818048,0,3493081088,0,2027270144,2027967488,0,20.78404675771208,87.9
16.49,0.79,0.0,0.0,0.0,3430809600,3526012928,6160384,2818048,0,3510906880,0,2114301952,2114982912,0,20.91750322528121,95.6
16.59,0.79,0.0,0.0,0.0,3451912192,3542790144,6160384,2818048,0,3527684096,0,2196172800,2196870144,0,21.046164849704144,87.4
16.7,0.79,0.0,0.0,0.0,3472490496,3559567360,6160384,2818048,0,3544461312,0,2217107456,2217804800,0,21.171629912029612,97.2
16.8,0.8,0.0,0.0,0.0,3492937728,3576344576,6160384,2818048,0,3561238528,0,1513807872,1514505216,0,21.296295833830715,102.5
16.9,0.8,0.0,0.0,0.0,3513778176,3593121792,6160384,2818048,0,3578015744,0,2257891328,2258588672,0,21.423359177204915,86.5
17.0,0.81,0.0,0.0,0.0,3533963264,3609899008,6160384,2818048,0,3594792960,0,1522040832,1522738176,0,21.546426817957286,103.1
17.1,0.81,0.0,0.0,0.0,3554803712,3626676224,6160384,2818048,0,3611570176,0,2222768128,2223465472,0,21.674289301855854,86.9
17.19,0.82,0.0,0.0,0.0,3576561664,3644502016,6160384,2818048,0,3629395968,0,2194423808,2195106816,0,21.80614748837625,86.7
17.29,0.83,0.0,0.0,0.0,3597533184,3661279232,6160384,2818048,0,3646173184,0,2342109184,2342806528,0,21.93400997227482,96.3
17.4,0.83,0.0,0.0,0.0,3617718272,3678056448,6160384,2818048,0,3662950400,0,1582886912,1583567872,0,22.05707761302719,103.2
17.5,0.84,0.0,0.0,0.0,3638558720,3694833664,6160384,2818048,0,3679727616,0,2276769792,2277467136,0,22.18414095640139,96.7
17.6,0.84,0.0,0.0,0.0,3659399168,3711610880,6160384,2818048,0,3696504832,0,2403676160,2404373504,0,22.311204299775593,86.4
17.7,0.84,0.0,0.0,0.0,3679715328,3728388096,6160384,2818048,0,3713282048,0,1632567296,1633264640,0,22.435071081052328,93.5
17.81,0.84,0.0,0.0,0.0,3700555776,3745165312,6160384,2818048,0,3730059264,0,2368569344,2369266688,0,22.56213442442653,95.8
17.91,0.85,0.0,0.0,0.0,3721396224,3761942528,6160384,2818048,0,3746836480,0,2465816576,2466513920,0,22.68919776780073,95.7
18.0,0.86,0.0,0.0,0.0,3742236672,3871510528,6160384,2818048,0,3856404480,0,2327744512,2328441856,0,22.81626111117493,87.5
18.1,0.86,0.0,0.0,0.0,3763863552,3889336320,6160384,2818048,0,3874230272,0,2149191680,2149885952,0,22.948918438219696,87.1
18.2,0.87,0.0,0.0,0.0,3785490432,3906113536,6160384,2818048,0,3891007488,0,2370961408,2371658752,0,23.07997748421573,94.7
18.3,0.87,0.0,0.0,0.0,3807510528,3923939328,6160384,2818048,0,3908833280,0,2271592448,2272289792,0,23.21423309230922,85.8
18.42,0.88,0.0,0.0,0.0,3828744192,3940716544,6160384,2818048,0,3925610496,0,2414182400,2414879744,0,23.34369385725652,113.1
18.52,0.88,0.0,0.0,0.0,3850633216,3958542336,6160384,2818048,0,3943436288,0,2314813440,2315510784,0,23.47715032482565,85.7
18.62,0.89,0.0,0.0,0.0,3871866880,3975319552,6160384,2818048,0,3960213504,0,2457403392,2458100736,0,23.60661108977295,95.2
18.72,0.89,0.0,0.0,0.0,3893886976,3993145344,6160384,2818048,0,3978039296,0,2358034432,2358731776,0,23.740866697866444,85.4
18.84,0.89,0.0,0.0,0.0,3915120640,4009922560,6160384,2818048,0,3994816512,0,2500624384,2501321728,0,23.870327462813744,104.1
18.93,0.9,0.0,0.0,0.0,3937140736,4027748352,6160384,2818048,0,4012642304,0,2401251328,2401948672,0,24.00458307090724,85.5
19.03,0.91,0.0,0.0,0.0,3958374400,4044525568,6160384,2818048,0,4029419520,0,2543841280,2544538624,0,24.134043835854538,95.2
19.14,0.92,0.0,0.0,0.0,3979345920,4061302784,6160384,2818048,0,4046196736,0,2564796416,2565493760,0,24.261906319753106,103.5
19.24,0.92,0.0,0.0,0.0,4000186368,4078080000,6160384,2818048,0,4062973952,0,2585751552,2586448896,0,24.38896966312731,86.2
19.35,0.92,0.0,0.0,0.0,4021944320,4095905792,6160384,2818048,0,4080799744,0,2413375488,2414072832,0,24.52162699017207,94.1
19.44,0.93,0.0,0.0,0.0,3492335616,3562180608,6160384,2818048,0,3547074560,0,1312043008,1312716800,0,21.29262478204691,94.7
19.53,0.94,0.0,0.0,0.0,2971586560,3037892608,6160384,2818048,0,3022786560,0,1811685376,1812379648,0,18.117639478740614,90.0
19.62,0.96,0.0,0.0,0.0,2447429632,2509410304,6160384,2818048,0,2494304256,0,1617309696,1617983488,0,14.921876521800803,100.2
19.68,0.99,0.0,0.0,0.0,1976487936,2034405376,6160384,2818048,0,2019299328,0,1430482944,1431156736,0,12.050564617753606,81.0
19.76,1.01,0.0,0.0,0.0,1517703168,1570934784,6160384,2818048,0,1555828736,0,1178345472,1179039744,0,9.25337299734136,91.6
19.85,1.02,0.0,0.0,0.0,1068732416,1117949952,6160384,2818048,0,1102843904,0,931684352,932365312,0,6.51601702369102,93.2
